"","OID_","Value","Count","EVT_NAME","LFRDB","EVT_FUEL","EVT_FUEL_N","EVT_LF","EVT_PHYS","EVT_GP","EVT_GP_N","SAF_SRM","EVT_ORDER","EVT_CLASS","EVT_SBCLS","R","G","B","RED","GREEN","BLUE","ACRES","REL_PERCENT"
"1",481,7974,291622885,"Eastern Cool Temperate Row Crop",7974,2964,"Da Row Crop","Agriculture","Agricultural",64,"Agricultural-Row Crop","LF 80: Agriculture","Herbaceous / Nonvascular-dominated","Herbaceous - grassland","Annual Graminoid/Forb",250,255,119,0.980392,1,0.466667,64855368,23.7
"2",197,7302,96517833,"Laurentian-Acadian Northern Hardwoods Forest",7302,2302,"Tr Laurentian-Acadian Northern Hardwoods Forest","Tree","Hardwood",682,"Yellow Birch-Sugar Maple Forest","SAF 27: Sugar Maple","Tree-dominated","Closed tree canopy","Deciduous closed tree canopy",171,255,138,0.670588,1,0.541176,21465049,7.9
"3",484,7977,90063229,"Eastern Cool Temperate Pasture and Hayland",7977,2967,"Dab Pasture and Hayland","Herb","Agricultural",67,"Agricultural-Pasture and Hayland","LF 80: Agriculture","Herbaceous / Nonvascular-dominated","Herbaceous - grassland","Annual Graminoid/Forb",227,212,28,0.890196,0.831373,0.109804,20029580,7.3
"4",195,7299,64288047,"Developed-Roads",7299,2905,"Bau Developed-Roads","Developed","Developed-Roads",25,"Developed-Roads","LF 20: Developed","No Dominant Lifeform","No Dominant Lifeform","Developed",1,1,1,0.003922,0.003922,0.003922,14297318,5.2
"5",198,7303,42195577,"Northeastern Interior Dry-Mesic Oak Forest",7303,2303,"Tr Northeastern Interior Dry-Mesic Oak Forest","Tree","Hardwood",660,"White Oak-Red Oak-Hickory Forest and Woodland","SAF 52: White Oak-Black Oak-Northern Red Oak","Tree-dominated","Closed tree canopy","Deciduous closed tree canopy",85,187,194,0.333333,0.733333,0.760784,9384070,3.4
"6",355,7481,42190706,"Laurentian-Acadian Alkaline Conifer-Hardwood Swamp",7481,2481,"Tr Laurentian-Acadian Alkaline Conifer-Hardwood Swamp","Tree","Riparian",694,"Atlantic Swamp Forests","SAF 39: Black Ash-American Elm-Red Maple","Tree-dominated","Closed tree canopy","Mixed evergreen-deciduous closed tree canopy",50,137,168,0.196078,0.537255,0.658824,9382987,3.4
"7",471,7964,42137444,"Western Cool Temperate Row Crop",7964,2964,"Da Row Crop","Agriculture","Agricultural",64,"Agricultural-Row Crop","LF 80: Agriculture","Herbaceous / Nonvascular-dominated","Herbaceous - grassland","Annual Graminoid/Forb",250,255,119,0.980392,1,0.466667,9371142,3.4
"8",190,7292,36475412,"Open Water",7292,11,"Ba Open Water","Water","Open Water",11,"Open Water","LF 11: Water","Non-vegetated","Non-vegetated","Non-vegetated",0,0,255,0,0,1,8111936,3
"9",374,7511,35646252,"Appalachian Northern Hardwood Forest",7370,2511,"Tr Appalachian Northern Hardwood Forest","Tree","Hardwood",685,"Pine-Hemlock-Hardwood Forest","SAF 60: Sugar Maple-Beech","Tree-dominated","Closed tree canopy","Deciduous closed tree canopy",0,38,115,0,0.14902,0.45098,7927536,2.9
"10",205,7310,34365613,"North-Central Interior Dry-Mesic Oak Forest and Woodland",7310,2310,"Tr North-Central Interior Dry-Mesic Oak Forest and Woodland","Tree","Hardwood",660,"White Oak-Red Oak-Hickory Forest and Woodland","SAF 52: White Oak-Black Oak-Northern Red Oak","Tree-dominated","Closed tree canopy","Deciduous closed tree canopy",85,187,194,0.333333,0.733333,0.760784,7642728,2.8
"11",722,9315,27996333,"Northern & Central Native Ruderal Forest",9315,2566,"Tr Northern & Central Native Ruderal Forest","Tree","Conifer-Hardwood",740,"Ruderal Forest","LF 53: Ruderal Forest","Tree-dominated","Open tree canopy","Mixed evergreen-deciduous open tree canopy",255,105,46,1,0.411765,0.180392,6226235,2.3
"12",482,7975,22745161,"Eastern Cool Temperate Close Grown Crop",7975,2965,"Da Close Grown Crop","Agriculture","Agricultural",65,"Agricultural-Close Grown Crop","LF 80: Agriculture","Herbaceous / Nonvascular-dominated","Herbaceous - grassland","Annual Graminoid/Forb",255,237,119,1,0.929412,0.466667,5058402,1.9
"13",215,7321,21681888,"South-Central Interior Mesophytic Forest",7321,2321,"Tr South-Central Interior Mesophytic Forest","Tree","Hardwood",655,"Beech-Maple-Basswood Forest","SAF 60: Sugar Maple-Beech","Tree-dominated","Closed tree canopy","Deciduous closed tree canopy",0,38,115,0,0.14902,0.45098,4821936,1.8
"14",823,9817,21836855,"Northern & Central Ruderal Meadow",9317,2568,"Sh Northern & Central Ruderal Meadow & Shrubland","Herb","Exotic Herbaceous",703,"Introduced Perennial Grassland and Forbland","LF 54: Introduced Upland Vegetation - Herbaceous","Herbaceous / Nonvascular-dominated","Herbaceous - grassland","Perennial graminoid grassland",255,105,46,1,0.411765,0.180392,4856400,1.8
"15",192,7296,21007051,"Developed-Low Intensity",7296,2902,"Bau Developed-Low Intensity","Developed","Developed-Low Intensity",22,"Developed-Low Intensity","LF 20: Developed","No Dominant Lifeform","No Dominant Lifeform","Developed",255,122,143,1,0.478431,0.560784,4671856,1.7
"16",552,9056,20491203,"Boreal-Laurentian Conifer Acidic Swamp and Treed Poor Fen",9056,2477,"Tr Boreal Acidic Peatland Systems","Tree","Riparian",683,"Peatland Forests","SAF 13: Black Spruce-Tamarack","Tree-dominated","Open tree canopy","Evergreen open tree canopy",186,163,119,0.729412,0.639216,0.466667,4557134,1.7
"17",483,7976,19234935,"Eastern Cool Temperate Fallow/Idle Cropland",7976,2966,"Dab Fallow/Idle Cropland","Herb","Agricultural",66,"Agricultural-Fallow/Idle Cropland","LF 80: Agriculture","Herbaceous / Nonvascular-dominated","Herbaceous - grassland","Annual Graminoid/Forb",255,255,119,1,1,0.466667,4277747,1.6
"18",196,7301,16102995,"Laurentian-Acadian Sub-boreal Aspen-Birch Forest",7301,2301,"Tr Boreal Aspen-Birch Forest","Tree","Hardwood",652,"Aspen-Birch Forest","SAF 16: Aspen","Tree-dominated","Closed tree canopy","Deciduous closed tree canopy",192,255,138,0.752941,1,0.541176,3581220,1.3
"19",375,7512,13659569,"Appalachian (Hemlock)-Northern Hardwood Forest",7370,2512,"Tr Appalachian Hemlock-Northern Hardwood Forest","Tree","Conifer-Hardwood",685,"Pine-Hemlock-Hardwood Forest","SAF 60: Sugar Maple-Beech","Tree-dominated","Closed tree canopy","Mixed evergreen-deciduous closed tree canopy",0,38,115,0,0.14902,0.45098,3037815,1.1
"20",208,7313,12571056,"North-Central Interior Beech-Maple Forest",7313,2313,"Tr North-Central Interior Beech-Maple Forest","Tree","Hardwood",655,"Beech-Maple-Basswood Forest","SAF 25: Sugar Maple-Beech-Yellow Birch","Tree-dominated","Closed tree canopy","Deciduous closed tree canopy",0,92,0,0,0.360784,0,2795736,1
"21",435,7908,12213789,"Eastern Cool Temperate Urban Herbaceous",7908,2916,"Dgr Urban Herbaceous","Herb","Developed",16,"Developed-Upland Herbaceous","LF 20: Developed","Herbaceous / Nonvascular-dominated","Herbaceous - grassland","Perennial graminoid",202,122,245,0.792157,0.478431,0.960784,2716281,1
"22",720,9312,12404524,"Northeastern North American Temperate Forest Plantation",9312,2562,"Tr Northeastern North American Temperate Forest Plantation","Tree","Conifer",731,"Managed Tree Plantation","LF 61: Managed Tree Plantation","Tree-dominated","Open Tree Canopy","Evergreen open tree canopy",158,67,14,0.619608,0.262745,0.054902,2758700,1
"23",193,7297,11520453,"Developed-Medium Intensity",7297,2903,"Bau Developed-Medium Intensity","Developed","Developed-Medium Intensity",23,"Developed-Medium Intensity","LF 20: Developed","No Dominant Lifeform","No Dominant Lifeform","Developed",253,44,79,0.992157,0.172549,0.309804,2562087,0.9
"24",432,7905,10617410,"Eastern Cool Temperate Urban Deciduous Forest",7905,2913,"Dtd Urban Deciduous Forest","Tree","Developed",13,"Developed-Upland Deciduous Forest","LF 20: Developed","Tree-dominated","Open tree canopy","Deciduous open tree canopy",112,68,137,0.439216,0.266667,0.537255,2361255,0.9
"25",573,9089,11651913,"Laurentian-Acadian Sub-boreal Mesic Balsam Fir-Spruce Forest",9089,2365,"Tr Boreal White Spruce-Fir Forest","Tree","Conifer",693,"Spruce-Fir-Hardwood Forest","SAF 5: Balsam Fir","Tree-dominated","Closed tree canopy","Evergreen closed tree canopy",182,250,227,0.713725,0.980392,0.890196,2591323,0.9
"26",590,9112,10065316,"Laurentian Jack Pine-Red Pine Forest",9112,2246,"Tr Laurentian Jack Pine-Red Pine Forest","Tree","Conifer",676,"Jack Pine Forest","SAF 15: Red Pine","Tree-dominated","Sparse tree canopy","Evergreen sparse tree canopy",174,245,224,0.682353,0.960784,0.878431,2238472,0.8
"27",200,7305,8533742,"Southern Interior Low Plateau Dry-Mesic Oak Forest",7305,2305,"Tr Southern Interior Low Plateau Dry-Mesic Oak Forest","Tree","Hardwood",661,"Chestnut Oak Forest and Woodland","SAF 44: Chestnut Oak","Tree-dominated","Closed tree canopy","Deciduous closed tree canopy",13,69,133,0.05098,0.270588,0.521569,1897859,0.7
"28",634,9178,8355262,"North-Central Interior and Appalachian Rich Swamp",9178,2479,"Tr Central Interior and Appalachian Swamp Systems","Tree","Riparian",694,"Atlantic Swamp Forests","SAF 39: Black Ash-American Elm-Red Maple","Tree-dominated","Open tree canopy","Mixed evergreen-deciduous open tree canopy",50,137,168,0.196078,0.537255,0.658824,1858166,0.7
"29",206,7311,7311854,"North-Central Interior Dry Oak Forest and Woodland",7311,2311,"Tr North-Central Interior Dry Oak Forest and Woodland","Tree","Hardwood",663,"Black Oak Woodland and Savanna","SAF 110: Black Oak","Tree-dominated","Open tree canopy","Deciduous open tree canopy",85,187,194,0.333333,0.733333,0.760784,1626117,0.6
"30",485,7978,6994322,"Eastern Cool Temperate Wheat",7978,2968,"Da Wheat","Agriculture","Agricultural",68,"Agricultural-Wheat","LF 80: Agriculture","Herbaceous / Nonvascular-dominated","Herbaceous - grassland","Annual Graminoid/Forb",250,227,163,0.980392,0.890196,0.639216,1555500,0.6
"31",635,9179,7864051,"North-Central Interior Floodplain Forest",9179,2471,"Tr Central Interior and Appalachian Floodplain Systems","Tree","Riparian",666,"Eastern Floodplain Forests","SAF 61: River Birch-Sycamore","Tree-dominated","Open tree canopy","Mixed evergreen-deciduous open tree canopy",0,92,0,0,0.360784,0,1748923,0.6
"32",194,7298,6260411,"Developed-High Intensity",7298,2904,"Bau Developed-High Intensity","Developed","Developed-High Intensity",24,"Developed-High Intensity","LF 20: Developed","No Dominant Lifeform","No Dominant Lifeform","Developed",173,0,28,0.678431,0,0.109804,1392282,0.5
"33",251,7362,5687633,"Laurentian-Acadian Northern Pine Forest",7362,2362,"Tr Laurentian-Acadian Northern Pine Forest","Tree","Conifer",665,"Red Pine-White Pine Forest and Woodland","SAF 15: Red Pine","Tree-dominated","Closed tree canopy","Evergreen closed tree canopy",174,245,224,0.682353,0.960784,0.878431,1264899,0.5
"34",254,7366,6221169,"Laurentian-Acadian Pine-Hemlock Forest",7366,2366,"Tr Laurentian-Acadian Pine-Hemlock Forest","Tree","Conifer",685,"Pine-Hemlock-Hardwood Forest","SAF 24: Hemlock-Yellow Birch","Tree-dominated","Closed tree canopy","Evergreen closed tree canopy",0,92,0,0,0.360784,0,1383555,0.5
"35",598,9120,6256727,"Laurentian-Acadian Wet Meadow",9120,2494,"Sh Laurentian-Acadian Shrub-Herbaceous Wetland Systems","Herb","Riparian",783,"Wet Meadow","LF 44: Laurentian-Acadian Herbaceous Wetland","Herbaceous / Nonvascular-dominated","Herbaceous - grassland","Perennial graminoid grassland",255,92,38,1,0.360784,0.14902,1391463,0.5
"36",165,7238,4888036,"Laurentian-Acadian Northern Oak Forest",7362,2238,"Tr Laurentian-Acadian Northern Oak Forest","Tree","Hardwood",665,"Red Pine-White Pine Forest and Woodland","SAF 15: Red Pine","Tree-dominated","Closed tree canopy","Deciduous closed tree canopy",174,245,224,0.682353,0.960784,0.878431,1087073,0.4
"37",209,7314,5450615,"North-Central Interior Maple-Basswood Forest",7314,2314,"Tr North-Central Interior Maple-Basswood Forest","Tree","Hardwood",655,"Beech-Maple-Basswood Forest","SAF 26: Sugar Maple-Basswood","Tree-dominated","Closed tree canopy","Deciduous closed tree canopy",171,255,138,0.670588,1,0.541176,1212188,0.4
"38",258,7370,4754482,"Appalachian Hemlock Forest",7370,2370,"Tr Appalachian Hemlock Forest","Tree","Conifer",685,"Pine-Hemlock-Hardwood Forest","SAF 60: Sugar Maple-Beech","Tree-dominated","Closed tree canopy","Evergreen closed tree canopy",0,38,115,0,0.14902,0.45098,1057371,0.4
"39",436,7909,5483917,"Eastern Cool Temperate Urban Shrubland",7909,2917,"Dsh Urban Shrubland","Shrub","Developed",17,"Developed-Upland Shrubland","LF 20: Developed","Shrub-dominated","Shrubland","Mixed evergreen-deciduous shrubland",207,171,215,0.811765,0.670588,0.843137,1219594,0.4
"40",475,7968,4926815,"Western Cool Temperate Wheat",7968,2968,"Da Wheat","Agriculture","Agricultural",68,"Agricultural-Wheat","LF 80: Agriculture","Herbaceous / Nonvascular-dominated","Herbaceous - grassland","Annual Graminoid/Forb",250,227,163,0.980392,0.890196,0.639216,1095697,0.4
"41",166,7239,4292617,"Laurentian-Acadian Northern Pine-(Oak) Forest",7362,2239,"Tr Laurentian-Acadian Northern Pine-Oak Forest","Tree","Conifer-Hardwood",665,"Red Pine-White Pine Forest and Woodland","SAF 15: Red Pine","Tree-dominated","Closed tree canopy","Mixed evergreen-deciduous closed tree canopy",174,245,224,0.682353,0.960784,0.878431,954655,0.3
"42",168,7241,4147226,"Laurentian-Acadian Pine-Hemlock-Hardwood Forest",7366,2241,"Tr Laurentian-Acadian Pine-Hemlock-Hardwood Forest","Tree","Conifer-Hardwood",685,"Pine-Hemlock-Hardwood Forest","SAF 24: Hemlock-Yellow Birch","Tree-dominated","Closed tree canopy","Mixed evergreen-deciduous closed tree canopy",0,92,0,0,0.360784,0,922321,0.3
"43",343,7463,3222849,"Central Appalachian Dry Oak Forest",7369,2463,"Tr Central Appalachian Dry Oak Forest","Tree","Hardwood",664,"Chestnut Oak-Virginia Pine Forest and Woodland","SAF 44: Chestnut Oak","Tree-dominated","Closed tree canopy","Mixed evergreen-deciduous closed tree canopy",13,69,133,0.05098,0.270588,0.521569,716744,0.3
"44",434,7907,4294193,"Eastern Cool Temperate Urban Mixed Forest",7907,2915,"Dtm Urban Mixed Deciduous-Evergreen Forest","Tree","Developed",15,"Developed-Upland Mixed Forest","LF 20: Developed","Tree-dominated","Open tree canopy","Mixed evergreen-deciduous open tree canopy",194,158,215,0.760784,0.619608,0.843137,955006,0.3
"45",473,7966,3483133,"Western Cool Temperate Fallow/Idle Cropland",7966,2966,"Dab Fallow/Idle Cropland","Herb","Agricultural",66,"Agricultural-Fallow/Idle Cropland","LF 80: Agriculture","Herbaceous / Nonvascular-dominated","Herbaceous - grassland","Annual Graminoid/Forb",255,255,119,1,1,0.466667,774630,0.3
"46",595,9117,3833529,"Laurentian-Acadian Floodplain Forest",9117,2475,"Tr Laurentian-Acadian Floodplain Systems","Tree","Riparian",666,"Eastern Floodplain Forests","SAF 39: Black Ash-American Elm-Red Maple","Tree-dominated","Open tree canopy","Mixed evergreen-deciduous open tree canopy",50,137,168,0.196078,0.537255,0.658824,852556,0.3
"47",779,9620,3146250,"Laurentian-Acadian Shrub Swamp",9120,2494,"Sh Laurentian-Acadian Shrub-Herbaceous Wetland Systems","Shrub","Riparian",675,"Inland Marshes and Prairies","LF 44: Laurentian-Acadian Herbaceous Wetland","Shrub-dominated","Shrubland","Mixed evergreen-deciduous shrubland",255,92,38,1,0.360784,0.14902,699709,0.3
"48",212,7317,1996273,"Allegheny-Cumberland Dry Oak Forest and Woodland",7317,2317,"Tr Allegheny-Cumberland Dry Oak Forest and Woodland","Tree","Hardwood",661,"Chestnut Oak Forest and Woodland","SAF 44: Chestnut Oak","Tree-dominated","Closed tree canopy","Deciduous closed tree canopy",13,69,133,0.05098,0.270588,0.521569,443960,0.2
"49",261,7373,1977095,"Acadian Low-Elevation Spruce-Fir Forest",7373,2373,"Tr Acadian Low-Elevation Spruce-Fir Forest","Tree","Conifer",693,"Spruce-Fir-Hardwood Forest","SAF 33: Red Spruce-Balsam Fir","Tree-dominated","Closed tree canopy","Evergreen closed tree canopy",186,54,14,0.729412,0.211765,0.054902,439695,0.2
"50",433,7906,2116355,"Eastern Cool Temperate Urban Evergreen Forest",7906,2914,"Dtc Urban Evergreen Forest","Tree","Developed",14,"Developed-Upland Evergreen Forest","LF 20: Developed","Tree-dominated","Open tree canopy","Evergreen open tree canopy",170,102,205,0.666667,0.4,0.803922,470666,0.2
"51",452,7925,2501521,"Eastern Cool Temperate Developed Deciduous Forest",7925,2908,"Dtd Developed Deciduous Forest","Tree","Developed",13,"Developed-Upland Deciduous Forest","LF 20: Developed","Tree-dominated","Open tree canopy","Deciduous open tree canopy",64,61,168,0.25098,0.239216,0.658824,556325,0.2
"52",456,7929,1897038,"Eastern Cool Temperate Developed Herbaceous",7929,2911,"Dgr Developed Herbaceous","Herb","Developed",16,"Developed-Upland Herbaceous","LF 20: Developed","Herbaceous / Nonvascular-dominated","Herbaceous - grassland","Perennial graminoid",158,170,215,0.619608,0.666667,0.843137,421891,0.2
"53",474,7967,2594520,"Western Cool Temperate Pasture and Hayland",7967,2967,"Dab Pasture and Hayland","Herb","Agricultural",67,"Agricultural-Pasture and Hayland","LF 80: Agriculture","Herbaceous / Nonvascular-dominated","Herbaceous - grassland","Annual Graminoid/Forb",227,212,28,0.890196,0.831373,0.109804,577007,0.2
"54",596,9118,2108648,"Laurentian-Acadian Freshwater Marsh",9118,2494,"Sh Laurentian-Acadian Shrub-Herbaceous Wetland Systems","Herb","Riparian",675,"Inland Marshes and Prairies","LF 44: Laurentian-Acadian Herbaceous Wetland","Herbaceous / Nonvascular-dominated","Herbaceous - grassland","Perennial graminoid grassland",255,92,38,1,0.360784,0.14902,468952,0.2
"55",633,9177,2534702,"North-Central Interior and Appalachian Acidic Peatland Woodland",9177,2479,"Tr Central Interior and Appalachian Swamp Systems","Tree","Riparian",694,"Atlantic Swamp Forests","LF 72: Peatland Forests","Tree-dominated","Open tree canopy","Mixed evergreen-deciduous open tree canopy",0,92,0,0,0.360784,0,563704,0.2
"56",636,9180,2949866,"North-Central Interior Freshwater Marsh",9180,2493,"Sh Central Interior and Appalachian Shrub-Herbaceous Wetland Systems","Herb","Riparian",675,"Inland Marshes and Prairies","LF 45: Central Interior and Appalachian Herbaceous Wetland","Herbaceous / Nonvascular-dominated","Herbaceous - grassland","Perennial graminoid grassland",91,195,199,0.356863,0.764706,0.780392,656034,0.2
"57",724,9317,2493350,"Northern & Central Ruderal Shrubland",9317,2568,"Sh Northern & Central Ruderal Meadow & Shrubland","Shrub","Exotic Tree-Shrub",706,"Introduced Upland Vegetation-Shrub","LF 52: Introduced Upland Vegetation - Shrub","Shrub-dominated","Shrubland","Deciduous shrubland",255,105,46,1,0.411765,0.180392,554508,0.2
"58",725,9318,2535789,"Northern & Central Ruderal Wet Meadow & Marsh",9318,2569,"He Northern & Central Ruderal Wet Meadow & Marsh","Herb","Riparian",709,"Introduced Herbaceous Wetland Vegetation","LF 59: Introduced Herbaceous Wetland and Riparian Vegetation","Herbaceous / Nonvascular-dominated","Herbaceous - grassland","Perennial graminoid grassland",255,105,46,1,0.411765,0.180392,563946,0.2
"59",167,7240,1636797,"Laurentian-Acadian Hardwood Forest",7366,2240,"Tr Laurentian-Acadian Hardwood Forest","Tree","Hardwood",685,"Pine-Hemlock-Hardwood Forest","SAF 24: Hemlock-Yellow Birch","Tree-dominated","Closed tree canopy","Deciduous closed tree canopy",0,92,0,0,0.360784,0,364015,0.1
"60",191,7295,737563,"Quarries-Strip Mines-Gravel Pits-Well and Wind Pads",7295,32,"Bab Quarries-Strip Mines-Gravel Pits-Well and Wind Pads","Barren","Quarries-Strip Mines-Gravel Pits-Well and Wind Pads",32,"Quarries-Strip Mines-Gravel Pits-Well and Wind Pads","LF 20: Developed","Non-vegetated","Non-vegetated","Developed",230,232,250,0.901961,0.909804,0.980392,164030,0.1
"61",225,7331,887056,"Eastern Great Plains Tallgrass Aspen Forest and Woodland",7331,2331,"Tr Eastern Great Plains Tallgrass Aspen Parkland","Tree","Hardwood",602,"Aspen Forest, Woodland, and Parkland","SAF 16: Aspen","Tree-dominated","Open tree canopy","Deciduous open tree canopy",192,255,138,0.752941,1,0.541176,197277,0.1
"62",262,7374,1817937,"Acadian-Appalachian Montane Spruce-Fir Forest",7374,2374,"Tr Acadian-Appalachian Montane Spruce-Fir Forest","Tree","Conifer-Hardwood",693,"Spruce-Fir-Hardwood Forest","SAF 33: Red Spruce-Balsam Fir","Tree-dominated","Closed tree canopy","Mixed evergreen-deciduous closed tree canopy",186,54,14,0.729412,0.211765,0.054902,404299,0.1
"63",282,7395,884656,"North-Central Oak Barrens Woodland",7395,2395,"Tr North-Central Oak Barrens","Tree","Hardwood",663,"Black Oak Woodland and Savanna","SAF 14: Northern Pin Oak","Tree-dominated","Sparse tree canopy","Deciduous sparse tree canopy",44,127,163,0.172549,0.498039,0.639216,196743,0.1
"64",292,7407,936001,"Laurentian Pine Barrens",7407,2407,"Tr Laurentian Pine Barrens","Tree","Conifer",676,"Jack Pine Forest","SAF 15: Red Pine","Tree-dominated","Sparse tree canopy","Evergreen sparse tree canopy",174,245,224,0.682353,0.960784,0.878431,208162,0.1
"65",305,7420,1193943,"Northern Tallgrass Prairie",7420,2420,"He Northern Tallgrass Prairie","Herb","Grassland",649,"Tallgrass Prairie","SRM 601: Bluestem Prairie","Herbaceous / Nonvascular-dominated","Herbaceous - grassland","Perennial graminoid grassland",255,137,64,1,0.537255,0.25098,265527,0.1
"66",362,7488,1742036,"Eastern Great Plains Wet Meadow-Prairie-Marsh",7488,2488,"He Eastern Great Plains Wet Meadow-Prairie-Marsh","Herb","Riparian",650,"Depressional Wetland","LF 43: Great Plains Herbaceous Wetland","Herbaceous / Nonvascular-dominated","Herbaceous - grassland","Perennial graminoid grassland",91,195,199,0.356863,0.764706,0.780392,387419,0.1
"67",366,7502,744578,"Central Appalachian Dry Oak-Pine Forest",7369,2502,"Tr Central Appalachian Dry Oak-Pine Forest","Tree","Conifer-Hardwood",664,"Chestnut Oak-Virginia Pine Forest and Woodland","SAF 44: Chestnut Oak","Tree-dominated","Closed tree canopy","Mixed evergreen-deciduous closed tree canopy",13,69,133,0.05098,0.270588,0.521569,165590,0.1
"68",381,7518,769057,"North-Central Interior Wet Flatwoods",7518,2518,"Tr North-Central Interior Wet Flatwoods","Tree","Riparian",673,"Hardwood Flatwoods","SAF 65: Pin Oak-Sweetgum","Tree-dominated","Open tree canopy","Deciduous open tree canopy",145,255,115,0.568627,1,0.45098,171034,0.1
"69",392,7554,771076,"Acadian Low-Elevation Hardwood Forest",7373,2554,"Tr Acadian Low-Elevation Hardwood Forest","Tree","Hardwood",693,"Spruce-Fir-Hardwood Forest","SAF 33: Red Spruce-Balsam Fir","Tree-dominated","Closed tree canopy","Deciduous closed tree canopy",186,54,14,0.729412,0.211765,0.054902,171483,0.1
"70",394,7556,1827713,"Central Appalachian Oak Rocky Woodland",7377,2556,"Tr Central Appalachian Rocky Oak Woodland","Tree","Hardwood",664,"Chestnut Oak-Virginia Pine Forest and Woodland","SAF 44: Chestnut Oak","Tree-dominated","Open tree canopy","Mixed evergreen-deciduous open tree canopy",13,69,133,0.05098,0.270588,0.521569,406474,0.1
"71",395,7557,746123,"Central Appalachian Pine-Oak Rocky Woodland",7377,2557,"Tr Central Appalachian Rocky Pine-Oak Woodland","Tree","Conifer-Hardwood",664,"Chestnut Oak-Virginia Pine Forest and Woodland","SAF 44: Chestnut Oak","Tree-dominated","Open tree canopy","Mixed evergreen-deciduous open tree canopy",13,69,133,0.05098,0.270588,0.521569,165934,0.1
"72",453,7926,725207,"Eastern Cool Temperate Developed Evergreen Forest",7926,2909,"Dtc Developed Evergreen Forest","Tree","Developed",14,"Developed-Upland Evergreen Forest","LF 20: Developed","Tree-dominated","Open tree canopy","Evergreen open tree canopy",102,119,205,0.4,0.466667,0.803922,161282,0.1
"73",454,7927,1695030,"Eastern Cool Temperate Developed Mixed Forest",7927,2910,"Dtm Developed Mixed Deciduous-Evergreen Forest","Tree","Developed",15,"Developed-Upland Mixed Forest","LF 20: Developed","Tree-dominated","Open tree canopy","Mixed evergreen-deciduous open tree canopy",68,79,137,0.266667,0.309804,0.537255,376966,0.1
"74",472,7965,1517487,"Western Cool Temperate Close Grown Crop",7965,2965,"Da Close Grown Crop","Agriculture","Agricultural",65,"Agricultural-Close Grown Crop","LF 80: Agriculture","Herbaceous / Nonvascular-dominated","Herbaceous - grassland","Annual Graminoid/Forb",255,237,119,1,0.929412,0.466667,337481,0.1
"75",477,7970,1306712,"Eastern Cool Temperate Orchard",7970,2960,"Dab Orchard","Tree","Agricultural",60,"Agricultural-Orchard","LF 80: Agriculture","Tree-dominated","Open tree canopy","Deciduous open tree canopy",210,28,94,0.823529,0.109804,0.368627,290606,0.1
"76",480,7973,1650601,"Eastern Cool Temperate Row Crop - Close Grown Crop",7973,2963,"Da Row Crop - Close Grown Crop","Agriculture","Agricultural",63,"Agricultural-Row Crop-Close Grown Crop","LF 80: Agriculture","Herbaceous / Nonvascular-dominated","Herbaceous - grassland","Annual Graminoid/Forb",255,245,140,1,0.960784,0.54902,367085,0.1
"77",551,9055,1031484,"Boreal-Laurentian Bog",9055,2477,"Tr Boreal Acidic Peatland Systems","Shrub","Riparian",683,"Peatland Forests","SAF 13: Black Spruce-Tamarack","Shrub-dominated","Shrubland","Mixed evergreen-deciduous shrubland",186,163,119,0.729412,0.639216,0.466667,229397,0.1
"78",553,9057,1358454,"Boreal-Laurentian-Acadian Acidic Basin Fen",9057,2494,"Sh Laurentian-Acadian Shrub-Herbaceous Wetland Systems","Shrub","Riparian",675,"Inland Marshes and Prairies","LF 44: Laurentian-Acadian Herbaceous Wetland","Shrub-dominated","Shrubland","Mixed evergreen-deciduous shrubland",255,92,38,1,0.360784,0.14902,302113,0.1
"79",555,9060,1423201,"Central Appalachian Stream and Riparian Woodland",9060,2472,"Tr Central Interior and Appalachian Riparian Systems","Tree","Riparian",668,"Eastern Small Stream Riparian Forests","SAF 61: River Birch-Sycamore","Tree-dominated","Open tree canopy","Mixed evergreen-deciduous open tree canopy",0,92,0,0,0.360784,0,316512,0.1
"80",572,9088,877655,"Laurentian-Acadian Sub-boreal Dry-Mesic Pine-Black Spruce Forest",9088,2344,"Tr Boreal Jack Pine-Black Spruce Forest","Tree","Conifer",676,"Jack Pine Forest","SAF 1: Jack Pine","Tree-dominated","Closed tree canopy","Evergreen closed tree canopy",174,245,224,0.682353,0.960784,0.878431,195186,0.1
"81",592,9114,665436,"Laurentian-Acadian Alkaline Fen",9114,2494,"Sh Laurentian-Acadian Shrub-Herbaceous Wetland Systems","Shrub","Riparian",675,"Inland Marshes and Prairies","LF 44: Laurentian-Acadian Herbaceous Wetland","Shrub-dominated","Shrubland","Mixed evergreen-deciduous shrubland",255,92,38,1,0.360784,0.14902,147989,0.1
"82",630,9174,1681405,"North-Central Appalachian Acidic Swamp",9174,2479,"Tr Central Interior and Appalachian Swamp Systems","Tree","Riparian",694,"Atlantic Swamp Forests","LF 72: Peatland Forests","Tree-dominated","Open tree canopy","Mixed evergreen-deciduous open tree canopy",0,92,0,0,0.360784,0,373935,0.1
"83",639,9183,671002,"North-Central Interior Shrub Swamp",9183,2493,"Sh Central Interior and Appalachian Shrub-Herbaceous Wetland Systems","Shrub","Riparian",675,"Inland Marshes and Prairies","LF 45: Central Interior and Appalachian Herbaceous Wetland","Shrub-dominated","Shrubland","Mixed evergreen-deciduous shrubland",91,195,199,0.356863,0.764706,0.780392,149227,0.1
"84",641,9185,1560093,"Northern Appalachian-Acadian Conifer-Hardwood Acidic Swamp",9185,2526,"Tr Laurentian-Acadian Swamp Systems","Tree","Riparian",694,"Atlantic Swamp Forests","SAF 33: Red Spruce-Balsam Fir","Tree-dominated","Open tree canopy","Mixed evergreen-deciduous open tree canopy",186,54,14,0.729412,0.211765,0.054902,346956,0.1
"85",666,9223,1166865,"South-Central Interior Large Floodplain Forest",9223,2471,"Tr Central Interior and Appalachian Floodplain Systems","Tree","Riparian",666,"Eastern Floodplain Forests","SAF 61: River Birch-Sycamore","Tree-dominated","Open tree canopy","Mixed evergreen-deciduous open tree canopy",0,92,0,0,0.360784,0,259505,0.1
"86",667,9224,1136582,"South-Central Interior Small Stream and Riparian Forest",9224,2472,"Tr Central Interior and Appalachian Riparian Systems","Tree","Riparian",668,"Eastern Small Stream Riparian Forests","SAF 61: River Birch-Sycamore","Tree-dominated","Open tree canopy","Mixed evergreen-deciduous open tree canopy",0,92,0,0,0.360784,0,252770,0.1
"87",721,9314,1668840,"Northern & Central Native Ruderal Flooded & Swamp Forest",9314,2565,"Tr Northern & Central Native Ruderal Flooded & Swamp Forest","Tree","Riparian",740,"Ruderal Forest","LF 53: Ruderal Forest","Tree-dominated","Closed tree canopy","Mixed evergreen-deciduous closed tree canopy",255,105,46,1,0.411765,0.180392,371141,0.1
"88",792,9683,1576272,"North-Central Interior Wet Meadow",9183,2493,"Sh Central Interior and Appalachian Shrub-Herbaceous Wetland Systems","Herb","Riparian",675,"Inland Marshes and Prairies","LF 45: Central Interior and Appalachian Herbaceous Wetland","Herbaceous / Nonvascular-dominated","Herbaceous - grassland","Perennial graminoid",91,195,199,0.356863,0.764706,0.780392,350554,0.1
"89",163,7207,10,"Central Mixedgrass Prairie Shrubland",7132,2132,"Sh Central Mixedgrass Prairie","Shrub","Shrubland",646,"Mixedgrass Prairie","SRM 704: Blue Grama-Western Wheatgrass","Shrub-dominated","Shrubland","Mixed evergreen-deciduous shrubland",255,241,140,1,0.945098,0.54902,2,0
"90",169,7242,394116,"Laurentian Oak Barrens",7407,2242,"Tr Laurentian Oak Barrens","Tree","Hardwood",676,"Jack Pine Forest","SAF 15: Red Pine","Tree-dominated","Sparse tree canopy","Deciduous sparse tree canopy",174,245,224,0.682353,0.960784,0.878431,87649,0
"91",170,7243,208704,"Laurentian Pine-Oak Barrens",7407,2243,"Tr Laurentian Pine-Oak Barrens","Tree","Conifer-Hardwood",676,"Jack Pine Forest","SAF 15: Red Pine","Tree-dominated","Sparse tree canopy","Mixed evergreen-deciduous sparse tree canopy",174,245,224,0.682353,0.960784,0.878431,46415,0
"92",172,7248,17368,"Northern Atlantic Coastal Plain Dune and Swale Grassland",7436,2436,"Sh Northern Atlantic Coastal Plain Dune and Swale","Herb","Grassland",654,"Atlantic Dunes and Grasslands","LF 57: Dunes and Maritime Grasslands","Herbaceous / Nonvascular-dominated","Herbaceous - grassland","Perennial graminoid grassland",255,98,41,1,0.384314,0.160784,3863,0
"93",182,7268,31171,"Eastern Great Plains Tallgrass Aspen Shrubland",7331,2331,"Tr Eastern Great Plains Tallgrass Aspen Parkland","Shrub","Shrubland",602,"Aspen Forest, Woodland, and Parkland","SRM 16: Aspen","Shrub-dominated","Shrubland","Mixed evergreen-deciduous shrubland",192,255,138,0.752941,1,0.541176,6932,0
"94",184,7272,14782,"Eastern Boreal Floodplain Shrubland",7444,2444,"Tr Eastern Boreal Floodplain","Shrub","Riparian",666,"Eastern Floodplain Forests","SAF 39: Black Ash-American Elm-Red Maple","Shrub-dominated","Shrubland","Mixed evergreen-deciduous shrubland",50,137,168,0.196078,0.537255,0.658824,3287,0
"95",185,7286,5397,"Paleozoic Plateau Bluff and Talus Herbaceous",7517,2517,"Tr Paleozoic Plateau Bluff and Talus","Herb","Grassland",663,"Black Oak Woodland and Savanna","SAF 110: Black Oak","Herbaceous / Nonvascular-dominated","Herbaceous - grassland","Perennial graminoid",85,187,194,0.333333,0.733333,0.760784,1200,0
"96",186,7288,175,"Acadian-Appalachian Alpine Tundra Meadow",7386,2386,"Sh Acadian-Appalachian Alpine Tundra","Herb","Grassland",651,"Alpine-Subalpine Barrens","LF 55: Appalachian Grass and Shrub Balds","Herbaceous / Nonvascular-dominated","Herbaceous - grassland","Perennial graminoid",82,52,34,0.321569,0.203922,0.133333,39,0
"97",187,7289,21090,"Acadian-Appalachian Subalpine Heath-Krummholz",7389,2389,"Tr Acadian-Appalachian Subalpine Woodland and Heath-Krummholz","Shrub","Shrubland",651,"Alpine-Subalpine Barrens","LF 55: Appalachian Grass and Shrub Balds","Shrub-dominated","Shrubland","Mixed evergreen-deciduous shrubland",82,52,34,0.321569,0.203922,0.133333,4690,0
"98",188,7290,56130,"North-Central Oak Barrens Herbaceous",7395,2395,"Tr North-Central Oak Barrens","Herb","Grassland",663,"Black Oak Woodland and Savanna","SAF 14: Northern Pin Oak","Herbaceous / Nonvascular-dominated","Herbaceous - grassland","Perennial graminoid",44,127,163,0.172549,0.498039,0.639216,12483,0
"99",189,7291,2178,"Central Interior Highlands Calcareous Glade and Barrens Herbaceous",7401,2401,"Tr Central Interior Highlands Calcareous Glade and Barrens","Herb","Grassland",670,"Glades and Barrens","SRM 803: Missouri Glades","Herbaceous / Nonvascular-dominated","Herbaceous - grassland","Perennial graminoid",255,153,0,1,0.6,0,484,0
"100",199,7304,315992,"Ozark-Ouachita Dry-Mesic Oak Forest",7304,2304,"Tr Ozark-Ouachita Dry-Mesic Oak Forest","Tree","Hardwood",660,"White Oak-Red Oak-Hickory Forest and Woodland","SAF 53: White Oak","Tree-dominated","Closed tree canopy","Deciduous closed tree canopy",85,187,194,0.333333,0.733333,0.760784,70275,0
"101",213,7318,213540,"Southern and Central Appalachian Cove Forest",7318,2318,"Tr Southern and Central Appalachian Cove Forest","Tree","Hardwood",655,"Beech-Maple-Basswood Forest","SAF 58: Yellow Poplar-Eastern Hemlock","Tree-dominated","Closed tree canopy","Deciduous closed tree canopy",18,76,135,0.070588,0.298039,0.529412,47490,0
"102",214,7320,508,"Central and Southern Appalachian Montane Oak Forest",7320,2320,"Tr Central and Southern Appalachian Montane Oak Forest","Tree","Hardwood",681,"Montane Oak Forest","SAF 52: White Oak-Black Oak-Northern Red Oak","Tree-dominated","Closed tree canopy","Deciduous closed tree canopy",85,187,194,0.333333,0.733333,0.760784,113,0
"103",218,7324,121629,"Northern Atlantic Coastal Plain Hardwood Forest",7324,2324,"Tr Northern Atlantic Coastal Plain Hardwood Forest","Tree","Hardwood",658,"Coastal Plain Oak Forest","SAF 52: White Oak-Black Oak-Northern Red Oak","Tree-dominated","Closed tree canopy","Deciduous closed tree canopy",85,187,194,0.333333,0.733333,0.760784,27050,0
"104",220,7326,75088,"South-Central Interior / Upper Coastal Plain Flatwoods",7326,2326,"Tr South-Central Interior/Upper Coastal Plain Flatwoods","Tree","Hardwood",673,"Hardwood Flatwoods","SAF 40: Post Oak-Blackjack Oak","Tree-dominated","Closed tree canopy","Deciduous closed tree canopy",85,187,194,0.333333,0.733333,0.760784,16699,0
"105",233,7340,7571,"Appalachian Shale Barrens",7340,2340,"Tr Appalachian Shale Barrens","Tree","Conifer-Hardwood",664,"Chestnut Oak-Virginia Pine Forest and Woodland","LF 55: Appalachian Grass and Shrub Balds","Tree-dominated","Open tree canopy","Mixed evergreen-deciduous open tree canopy",82,52,34,0.321569,0.203922,0.133333,1684,0
"106",234,7342,96,"Piedmont Hardpan Woodland and Forest",7342,2342,"Tr Piedmont Hardpan Woodland and Forest","Tree","Hardwood",662,"Post Oak Woodland and Savanna","SAF 40: Post Oak-Blackjack Oak","Tree-dominated","Open tree canopy","Deciduous open tree canopy",85,187,194,0.333333,0.733333,0.760784,21,0
"107",235,7343,2,"Southern Atlantic Coastal Plain Mesic Hardwood Forest",7343,2343,"Tr Southern Atlantic Coastal Plain Mesic Hardwood Forest","Tree","Hardwood",680,"Sweetgum-Water Oak Forest","SAF 92: Sweetgum-Willow Oak","Tree-dominated","Closed tree canopy","Deciduous closed tree canopy",145,255,115,0.568627,1,0.45098,0,0
"108",240,7350,4,"Central and Southern Appalachian Spruce-Fir Forest",7350,2350,"Tr Central and Southern Appalachian Spruce-Fir Forest","Tree","Conifer",693,"Spruce-Fir-Hardwood Forest","SAF 30: Red Spruce-Yellow Birch","Tree-dominated","Closed tree canopy","Evergreen closed tree canopy",159,255,128,0.623529,1,0.501961,1,0
"109",243,7353,142,"Southern Appalachian Low-Elevation Pine Forest",7353,2353,"Tr Southern Appalachian Low-Elevation Pine Forest","Tree","Conifer",695,"Virginia Pine Forest","SAF 79: Virginia Pine","Tree-dominated","Closed tree canopy","Evergreen closed tree canopy",10,61,128,0.039216,0.239216,0.501961,32,0
"110",244,7354,93514,"Northeastern Interior Pine Barrens",7354,2354,"Tr Northeastern Interior Pine Barrens","Tree","Conifer",686,"Pitch Pine Woodlands","SAF 45: Pitch Pine","Tree-dominated","Open tree canopy","Evergreen open tree canopy",116,214,204,0.454902,0.839216,0.8,20797,0
"111",245,7355,287755,"Northern Atlantic Coastal Plain Pitch Pine Barrens",7355,2355,"Tr Northern Atlantic Coastal Plain Pitch Pine Barrens","Tree","Conifer",686,"Pitch Pine Woodlands","SAF 45: Pitch Pine","Tree-dominated","Open tree canopy","Evergreen open tree canopy",116,214,204,0.454902,0.839216,0.8,63995,0
"112",252,7363,466,"Central Interior Highlands Dry Acidic Glade and Barrens",7363,2363,"Tr Central Interior Highlands Dry Acidic Glade and Barrens","Tree","Conifer-Hardwood",670,"Glades and Barrens","SRM 803: Missouri Glades","Tree-dominated","Open tree canopy","Mixed evergreen-deciduous open tree canopy",255,153,0,1,0.6,0,104,0
"113",253,7364,24073,"Ozark-Ouachita Dry Oak Woodland",7364,2364,"Tr Ozark-Ouachita Dry Oak Woodland","Tree","Hardwood",662,"Post Oak Woodland and Savanna","SAF 40: Post Oak-Blackjack Oak","Tree-dominated","Open tree canopy","Deciduous open tree canopy",85,187,194,0.333333,0.733333,0.760784,5354,0
"114",257,7369,273173,"Central Appalachian Dry Pine Forest",7369,2369,"Tr Central Appalachian Dry Pine Forest","Tree","Conifer",664,"Chestnut Oak-Virginia Pine Forest and Woodland","SAF 44: Chestnut Oak","Tree-dominated","Closed tree canopy","Evergreen closed tree canopy",13,69,133,0.05098,0.270588,0.521569,60752,0
"115",263,7375,6072,"Eastern Serpentine Woodland",7375,2375,"Tr Eastern Serpentine Woodland","Tree","Conifer-Hardwood",670,"Glades and Barrens","SAF 46: Eastern Redcedar","Tree-dominated","Open tree canopy","Mixed evergreen-deciduous open tree canopy",0,38,115,0,0.14902,0.45098,1350,0
"116",264,7376,1,"Southern Ridge and Valley / Cumberland Dry Calcareous Forest",7376,2376,"Tr Southern Ridge and Valley/Cumberland Dry Calcareous Forest","Tree","Hardwood",660,"White Oak-Red Oak-Hickory Forest and Woodland","SAF 52: White Oak-Black Oak-Northern Red Oak","Tree-dominated","Closed tree canopy","Mixed evergreen-deciduous closed tree canopy",85,187,194,0.333333,0.733333,0.760784,0,0
"117",265,7377,406019,"Central Appalachian Pine Rocky Woodland",7377,2377,"Tr Central Appalachian Rocky Pine Woodland","Tree","Conifer",664,"Chestnut Oak-Virginia Pine Forest and Woodland","SAF 44: Chestnut Oak","Tree-dominated","Open tree canopy","Evergreen open tree canopy",13,69,133,0.05098,0.270588,0.521569,90296,0
"118",267,7379,260610,"Northern Atlantic Coastal Plain Maritime Forest",7379,2379,"Tr Northern Atlantic Coastal Plain Maritime Forest","Tree","Hardwood",679,"Maritime Forest","SAF 81: Loblolly Pine","Tree-dominated","Closed tree canopy","Evergreen closed tree canopy",145,255,115,0.568627,1,0.45098,57958,0
"119",269,7381,3857,"Lower Mississippi River Dune Woodland and Forest",7381,2381,"Tr Lower Mississippi River Dune Woodland and Forest","Tree","Hardwood",662,"Post Oak Woodland and Savanna","SAF 40: Post Oak-Blackjack Oak","Tree-dominated","Open tree canopy","Deciduous open tree canopy",85,187,194,0.333333,0.733333,0.760784,858,0
"120",273,7385,139,"Great Plains Wooded Draw and Ravine Woodland",7385,2385,"Tr Western Great Plains Wooded Draw and Ravine","Tree","Riparian",635,"Western Riparian Woodland and Shrubland","LF 41: Deciduous Shrubland","Tree-dominated","Open tree canopy","Mixed evergreen-deciduous open tree canopy",128,97,69,0.501961,0.380392,0.270588,31,0
"121",274,7386,1200,"Acadian-Appalachian Alpine Tundra Shrubland",7386,2386,"Sh Acadian-Appalachian Alpine Tundra","Shrub","Shrubland",651,"Alpine-Subalpine Barrens","LF 55: Appalachian Grass and Shrub Balds","Shrub-dominated","Dwarf-shrubland","Mixed evergreen-deciduous dwarf-shrubland",82,52,34,0.321569,0.203922,0.133333,267,0
"122",276,7389,21568,"Acadian-Appalachian Subalpine Woodland",7389,2389,"Tr Acadian-Appalachian Subalpine Woodland and Heath-Krummholz","Tree","Conifer",651,"Alpine-Subalpine Barrens","LF 55: Appalachian Grass and Shrub Balds","Tree-dominated","Open tree canopy","Evergreen open tree canopy",82,52,34,0.321569,0.203922,0.133333,4797,0
"123",281,7394,9904,"North-Central Interior Oak Savanna",7394,2394,"Tr North-Central Interior Oak Savanna","Tree","Hardwood",659,"Bur Oak Woodland and Savanna","SAF 42: Bur Oak","Tree-dominated","Sparse tree canopy","Deciduous sparse tree canopy",6,53,122,0.023529,0.207843,0.478431,2203,0
"124",286,7399,25257,"Northern Atlantic Coastal Plain Grassland",7522,2522,"Sh Northern Atlantic Coastal Plain Heathland","Herb","Grassland",674,"Heathland and Grassland","LF 49: Atlantic Coastal Plain Shrubland","Herbaceous / Nonvascular-dominated","Herbaceous - grassland","Perennial graminoid",240,165,46,0.941176,0.647059,0.180392,5617,0
"125",287,7400,1326,"Central Appalachian Alkaline Glade and Woodland",7400,2400,"Tr Central Appalachian Alkaline Glade and Woodland","Tree","Conifer-Hardwood",670,"Glades and Barrens","LF 55: Appalachian Grass and Shrub Balds","Tree-dominated","Sparse tree canopy","Mixed evergreen-deciduous sparse tree canopy",82,52,34,0.321569,0.203922,0.133333,295,0
"126",288,7401,11674,"Central Interior Highlands Calcareous Glade and Barrens Woodland",7401,2401,"Tr Central Interior Highlands Calcareous Glade and Barrens","Tree","Conifer-Hardwood",670,"Glades and Barrens","SRM 803: Missouri Glades","Tree-dominated","Sparse tree canopy","Mixed evergreen-deciduous sparse tree canopy",255,153,0,1,0.6,0,2596,0
"127",294,7409,15355,"Great Lakes Alvar",7409,2409,"He Great Lakes Alvar","Herb","Grassland",671,"Great Lakes Alvar","SAF 37: Northern White-Cedar","Herbaceous / Nonvascular-dominated","Herbaceous - shrub-steppe","Perennial graminoid steppe",216,216,191,0.847059,0.847059,0.74902,3415,0
"128",296,7411,35448,"Great Lakes Wet-Mesic Lakeplain Prairie",7411,2411,"He Great Lakes Wet-Mesic Lakeplain Prairie","Herb","Riparian",675,"Inland Marshes and Prairies","LF 44: Laurentian-Acadian Herbaceous Wetland","Herbaceous / Nonvascular-dominated","Herbaceous - grassland","Perennial graminoid grassland",255,92,38,1,0.360784,0.14902,7883,0
"129",297,7412,224598,"North-Central Interior Sand and Gravel Tallgrass Prairie",7412,2412,"He North-Central Interior Sand and Gravel Tallgrass Prairie","Herb","Grassland",649,"Tallgrass Prairie","SRM 601: Bluestem Prairie","Herbaceous / Nonvascular-dominated","Herbaceous - grassland","Perennial graminoid grassland",255,137,64,1,0.537255,0.25098,49949,0
"130",298,7413,4,"Bluegrass Savanna and Woodland Prairie",7413,2413,"Tr Bluegrass Savanna and Woodland","Herb","Grassland",688,"Prairies and Barrens","LF 55: Appalachian Grass and Shrub Balds","Herbaceous / Nonvascular-dominated","Herbaceous - grassland","Perennial graminoid grassland",82,52,34,0.321569,0.203922,0.133333,1,0
"131",306,7421,232175,"Central Tallgrass Prairie",7421,2421,"He Central Tallgrass Prairie","Herb","Grassland",649,"Tallgrass Prairie","SRM 601: Bluestem Prairie","Herbaceous / Nonvascular-dominated","Herbaceous - grassland","Perennial graminoid grassland",255,137,64,1,0.537255,0.25098,51634,0
"132",318,7436,3098,"Northern Atlantic Coastal Plain Dune and Swale Shrubland",7436,2436,"Sh Northern Atlantic Coastal Plain Dune and Swale","Shrub","Shrubland",654,"Atlantic Dunes and Grasslands","LF 57: Dunes and Maritime Grasslands","Shrub-dominated","Shrubland","Mixed evergreen-deciduous shrubland",255,98,41,1,0.384314,0.160784,689,0
"133",322,7441,122,"Bluegrass Savanna and Woodland",7413,2413,"Tr Bluegrass Savanna and Woodland","Tree","Hardwood",688,"Prairies and Barrens","LF 55: Appalachian Grass and Shrub Balds","Tree-dominated","Open tree canopy","Deciduous open tree canopy",82,52,34,0.321569,0.203922,0.133333,27,0
"134",324,7444,88073,"Eastern Boreal Floodplain Woodland",7444,2444,"Tr Eastern Boreal Floodplain","Tree","Riparian",666,"Eastern Floodplain Forests","SAF 39: Black Ash-American Elm-Red Maple","Tree-dominated","Open tree canopy","Deciduous open tree canopy",50,137,168,0.196078,0.537255,0.658824,19587,0
"135",336,7456,10205,"Northern Atlantic Coastal Plain Pitch Pine Lowland",7456,2456,"Tr Northern Atlantic Coastal Plain Pitch Pine Lowland","Tree","Riparian",686,"Pitch Pine Woodlands","SAF 45: Pitch Pine","Tree-dominated","Open tree canopy","Evergreen open tree canopy",116,214,204,0.454902,0.839216,0.8,2270,0
"136",337,7457,69986,"South-Central Interior / Upper Coastal Plain Wet Flatwoods",7457,2457,"Tr South-Central Interior/Upper Coastal Plain Wet Flatwoods","Tree","Riparian",673,"Hardwood Flatwoods","SAF 88: Willow Oak-Water Oak-Diamondleaf Oak","Tree-dominated","Open tree canopy","Deciduous open tree canopy",145,255,115,0.568627,1,0.45098,15565,0
"137",344,7464,6614,"Acadian Sub-Boreal Spruce Barrens",7464,2464,"Tr Acadian Near-Boreal Spruce Barrens","Tree","Conifer",692,"Spruce Flats and Barrens","SAF 13: Black Spruce-Tamarack","Tree-dominated","Open tree canopy","Evergreen open tree canopy",186,163,119,0.729412,0.639216,0.466667,1471,0
"138",345,7465,183360,"Acadian Sub-Boreal Spruce Flat",7465,2465,"Tr Acadian Sub-Boreal Spruce Flat","Tree","Conifer",692,"Spruce Flats and Barrens","SAF 33: Red Spruce-Balsam Fir","Tree-dominated","Closed tree canopy","Evergreen closed tree canopy",186,54,14,0.729412,0.211765,0.054902,40778,0
"139",346,7466,191488,"Great Lakes Wooded Dune and Swale",7466,2466,"Tr Great Lakes Wooded Dune and Swale","Tree","Riparian",675,"Inland Marshes and Prairies","SAF 1: Jack Pine","Tree-dominated","Open tree canopy","Mixed evergreen-deciduous open tree canopy",174,245,224,0.682353,0.960784,0.878431,42586,0
"140",356,7482,179048,"Great Plains Prairie Pothole",7482,2482,"He Great Plains Prairie Pothole","Herb","Riparian",650,"Depressional Wetland","LF 43: Great Plains Herbaceous Wetland","Herbaceous / Nonvascular-dominated","Herbaceous - grassland","Perennial graminoid grassland",91,195,199,0.356863,0.764706,0.780392,39819,0
"141",372,7509,2213,"Mississippi River Alluvial Plain Dry-Mesic Loess Slope Forest",7509,2509,"Tr Mississippi River Alluvial Plain Dry-Mesic Loess Slope Forest","Tree","Hardwood",667,"White Oak-Beech Forest and Woodland","SAF 53: White Oak","Tree-dominated","Closed tree canopy","Deciduous closed tree canopy",85,187,194,0.333333,0.733333,0.760784,492,0
"142",376,7513,11364,"Lower Mississippi River Flatwoods",7513,2513,"Tr Lower Mississippi River Flatwoods","Tree","Riparian",684,"Pine Flatwoods","SAF 92: Sweetgum-Willow Oak","Tree-dominated","Open tree canopy","Deciduous open tree canopy",145,255,115,0.568627,1,0.45098,2527,0
"143",380,7517,441968,"Paleozoic Plateau Bluff and Talus Woodland",7517,2517,"Tr Paleozoic Plateau Bluff and Talus","Tree","Hardwood",663,"Black Oak Woodland and Savanna","SAF 110: Black Oak","Tree-dominated","Open tree canopy","Deciduous open tree canopy",85,187,194,0.333333,0.733333,0.760784,98291,0
"144",383,7522,4421,"Northern Atlantic Coastal Plain Heathland",7522,2522,"Sh Northern Atlantic Coastal Plain Heathland","Shrub","Shrubland",674,"Heathland and Grassland","LF 49: Atlantic Coastal Plain Shrubland","Shrub-dominated","Shrubland","Mixed evergreen-deciduous shrubland",240,165,46,0.941176,0.647059,0.180392,983,0
"145",393,7555,477979,"Acadian Low-Elevation Spruce-Fir-Hardwood Forest",7373,2555,"Tr Acadian Low-Elevation Spruce-Fir-Hardwood Forest","Tree","Conifer-Hardwood",693,"Spruce-Fir-Hardwood Forest","SAF 33: Red Spruce-Balsam Fir","Tree-dominated","Closed tree canopy","Mixed evergreen-deciduous closed tree canopy",186,54,14,0.729412,0.211765,0.054902,106300,0
"146",424,7755,287,"Agriculture-Cultivated Crops and Irrigated Agriculture",7755,82,"Da Agriculture-Cultivated Crops and Irrigated Agriculture","Agriculture","Agricultural",82,"Agriculture-Cultivated Crops and Irrigated Agriculture","LF 80: Agriculture","Herbaceous / Nonvascular-dominated","Herbaceous - grassland","Annual Graminoid/Forb",250,255,119,0.980392,1,0.466667,64,0
"147",427,7900,95908,"Western Cool Temperate Urban Deciduous Forest",7900,2913,"Dtd Urban Deciduous Forest","Tree","Developed",13,"Developed-Upland Deciduous Forest","LF 20: Developed","Tree-dominated","Open tree canopy","Deciduous open tree canopy",112,68,137,0.439216,0.266667,0.537255,21329,0
"148",428,7901,3804,"Western Cool Temperate Urban Evergreen Forest",7901,2914,"Dtc Urban Evergreen Forest","Tree","Developed",14,"Developed-Upland Evergreen Forest","LF 20: Developed","Tree-dominated","Open tree canopy","Evergreen open tree canopy",170,102,205,0.666667,0.4,0.803922,846,0
"149",429,7902,17653,"Western Cool Temperate Urban Mixed Forest",7902,2915,"Dtm Urban Mixed Deciduous-Evergreen Forest","Tree","Developed",15,"Developed-Upland Mixed Forest","LF 20: Developed","Tree-dominated","Open tree canopy","Mixed evergreen-deciduous open tree canopy",194,158,215,0.760784,0.619608,0.843137,3926,0
"150",430,7903,322503,"Western Cool Temperate Urban Herbaceous",7903,2916,"Dgr Urban Herbaceous","Herb","Developed",16,"Developed-Upland Herbaceous","LF 20: Developed","Herbaceous / Nonvascular-dominated","Herbaceous - grassland","Perennial graminoid",202,122,245,0.792157,0.478431,0.960784,71723,0
"151",431,7904,98802,"Western Cool Temperate Urban Shrubland",7904,2917,"Dsh Urban Shrubland","Shrub","Developed",17,"Developed-Upland Shrubland","LF 20: Developed","Shrub-dominated","Shrubland","Mixed evergreen-deciduous shrubland",207,171,215,0.811765,0.670588,0.843137,21973,0
"152",442,7915,3,"Eastern Warm Temperate Urban Deciduous Forest",7915,2913,"Dtd Urban Deciduous Forest","Tree","Developed",13,"Developed-Upland Deciduous Forest","LF 20: Developed","Tree-dominated","Open tree canopy","Deciduous open tree canopy",112,68,137,0.439216,0.266667,0.537255,1,0
"153",445,7918,10,"Eastern Warm Temperate Urban Herbaceous",7918,2916,"Dgr Urban Herbaceous","Herb","Developed",16,"Developed-Upland Herbaceous","LF 20: Developed","Herbaceous / Nonvascular-dominated","Herbaceous - grassland","Perennial graminoid",202,122,245,0.792157,0.478431,0.960784,2,0
"154",446,7919,13,"Eastern Warm Temperate Urban Shrubland",7919,2917,"Dsh Urban Shrubland","Shrub","Developed",17,"Developed-Upland Shrubland","LF 20: Developed","Shrub-dominated","Shrubland","Mixed evergreen-deciduous shrubland",207,171,215,0.811765,0.670588,0.843137,3,0
"155",447,7920,24035,"Western Cool Temperate Developed Deciduous Forest",7920,2908,"Dtd Developed Deciduous Forest","Tree","Developed",13,"Developed-Upland Deciduous Forest","LF 20: Developed","Tree-dominated","Open tree canopy","Deciduous open tree canopy",64,61,168,0.25098,0.239216,0.658824,5345,0
"156",448,7921,70,"Western Cool Temperate Developed Evergreen Forest",7921,2909,"Dtc Developed Evergreen Forest","Tree","Developed",14,"Developed-Upland Evergreen Forest","LF 20: Developed","Tree-dominated","Open tree canopy","Evergreen open tree canopy",102,119,205,0.4,0.466667,0.803922,16,0
"157",449,7922,16275,"Western Cool Temperate Developed Mixed Forest",7922,2910,"Dtm Developed Mixed Deciduous-Evergreen Forest","Tree","Developed",15,"Developed-Upland Mixed Forest","LF 20: Developed","Tree-dominated","Open tree canopy","Mixed evergreen-deciduous open tree canopy",68,79,137,0.266667,0.309804,0.537255,3619,0
"158",450,7923,1578,"Western Cool Temperate Developed Shrubland",7923,2912,"Dsh Developed Shrubland","Shrub","Developed",17,"Developed-Upland Shrubland","LF 20: Developed","Shrub-dominated","Shrubland","Mixed evergreen-deciduous shrubland",122,142,245,0.478431,0.556863,0.960784,351,0
"159",451,7924,106022,"Western Cool Temperate Developed Herbaceous",7924,2911,"Dgr Developed Herbaceous","Herb","Developed",16,"Developed-Upland Herbaceous","LF 20: Developed","Herbaceous / Nonvascular-dominated","Herbaceous - grassland","Perennial graminoid",158,170,215,0.619608,0.666667,0.843137,23579,0
"160",455,7928,210707,"Eastern Cool Temperate Developed Shrubland",7928,2912,"Dsh Developed Shrubland","Shrub","Developed",17,"Developed-Upland Shrubland","LF 20: Developed","Shrub-dominated","Shrubland","Mixed evergreen-deciduous shrubland",122,142,245,0.478431,0.556863,0.960784,46860,0
"161",467,7960,14,"Western Cool Temperate Orchard",7960,2960,"Dab Orchard","Tree","Agricultural",60,"Agricultural-Orchard","LF 80: Agriculture","Tree-dominated","Open tree canopy","Deciduous open tree canopy",210,28,94,0.823529,0.109804,0.368627,3,0
"162",468,7961,728,"Western Cool Temperate Vineyard",7961,2961,"Da Vineyard","Agriculture","Agricultural",61,"Agricultural-Vineyard","LF 80: Agriculture","Shrub-dominated","Shrubland","Mixed evergreen-deciduous shrubland",168,0,132,0.658824,0,0.517647,162,0
"163",470,7963,514637,"Western Cool Temperate Row Crop - Close Grown Crop",7963,2963,"Da Row Crop - Close Grown Crop","Agriculture","Agricultural",63,"Agricultural-Row Crop-Close Grown Crop","LF 80: Agriculture","Herbaceous / Nonvascular-dominated","Herbaceous - grassland","Annual Graminoid/Forb",255,245,140,1,0.960784,0.54902,114453,0
"164",478,7971,364768,"Eastern Cool Temperate Vineyard",7971,2961,"Da Vineyard","Agriculture","Agricultural",61,"Agricultural-Vineyard","LF 80: Agriculture","Shrub-dominated","Shrubland","Mixed evergreen-deciduous shrubland",168,0,132,0.658824,0,0.517647,81122,0
"165",479,7972,206534,"Eastern Cool Temperate Bush fruit and berries",7972,2962,"Dab Bush Fruit and Berries","Shrub","Agricultural",62,"Agricultural-Bush fruit and berries","LF 80: Agriculture","Shrub-dominated","Shrubland","Mixed evergreen-deciduous shrubland",210,28,119,0.823529,0.109804,0.466667,45932,0
"166",486,7979,2459,"Eastern Cool Temperate Aquaculture",7979,2969,"Da Aquaculture","Agriculture","Agricultural",69,"Agricultural-Aquaculture","LF 80: Agriculture","Herbaceous / Nonvascular-dominated","Herbaceous - grassland","Annual Graminoid/Forb",210,255,237,0.823529,1,0.929412,547,0
"167",501,7994,4898,"Eastern Warm Temperate Row Crop",7994,2964,"Da Row Crop","Agriculture","Agricultural",64,"Agricultural-Row Crop","LF 80: Agriculture","Herbaceous / Nonvascular-dominated","Herbaceous - grassland","Annual Graminoid/Forb",250,255,119,0.980392,1,0.466667,1089,0
"168",503,7996,181,"Eastern Warm Temperate Fallow/Idle Cropland",7996,2966,"Dab Fallow/Idle Cropland","Herb","Agricultural",66,"Agricultural-Fallow/Idle Cropland","LF 80: Agriculture","Herbaceous / Nonvascular-dominated","Herbaceous - grassland","Annual Graminoid/Forb",255,255,119,1,1,0.466667,40,0
"169",504,7997,148,"Eastern Warm Temperate Pasture and Hayland",7997,2967,"Dab Pasture and Hayland","Herb","Agricultural",67,"Agricultural-Pasture and Hayland","LF 80: Agriculture","Herbaceous / Nonvascular-dominated","Herbaceous - grassland","Annual Graminoid/Forb",227,212,28,0.890196,0.831373,0.109804,33,0
"170",526,9023,4350,"Western Great Plains Badlands",9023,2007,"Sps Western Great Plains Sparsely Vegetated Systems","Sparse","Sparsely Vegetated",700,"Sparse Vegetation","LF 33: Sparsely Vegetated","No Dominant Lifeform","Sparsely vegetated","Sparsely vegetated",100,100,100,0.392157,0.392157,0.392157,967,0
"171",527,9024,9,"Western Great Plains Cliff and Outcrop",9024,2007,"Sps Western Great Plains Sparsely Vegetated Systems","Sparse","Sparsely Vegetated",700,"Sparse Vegetation","LF 33: Sparsely Vegetated","No Dominant Lifeform","Sparsely vegetated","Sparsely vegetated",100,100,100,0.392157,0.392157,0.392157,2,0
"172",538,9036,14,"Acadian Coastal Salt Marsh",9036,2491,"He Acadian Salt Marsh and Estuary Systems","Herb","Riparian",653,"Atlantic Coastal Marsh","LF 44: Laurentian-Acadian Herbaceous Wetland","Herbaceous / Nonvascular-dominated","Herbaceous - grassland","Perennial graminoid grassland",255,92,38,1,0.360784,0.14902,3,0
"173",539,9037,531,"Acadian Estuary Marsh",9037,2491,"He Acadian Salt Marsh and Estuary Systems","Herb","Riparian",653,"Atlantic Coastal Marsh","LF 44: Laurentian-Acadian Herbaceous Wetland","Herbaceous / Nonvascular-dominated","Herbaceous - grassland","Perennial graminoid grassland",255,92,38,1,0.360784,0.14902,118,0
"174",541,9039,2963,"Acadian-Appalachian Conifer Seepage Forest",9039,2526,"Tr Laurentian-Acadian Swamp Systems","Tree","Riparian",694,"Atlantic Swamp Forests","SAF 33: Red Spruce-Balsam Fir","Tree-dominated","Open tree canopy","Evergreen open tree canopy",186,54,14,0.729412,0.211765,0.054902,659,0
"175",548,9048,3651,"Atlantic Coastal Plain Northern Bog",9048,2319,"Tr Atlantic Coastal Plain Northern Bog","Shrub","Riparian",773,"Shrub and Herbaceous Peatlands","LF 71: Shrub and Herbaceous Peatlands","Shrub-dominated","Shrubland","Deciduous shrubland",133,39,8,0.521569,0.152941,0.031373,812,0
"176",554,9059,183617,"Central Appalachian River Floodplain Forest",9059,2471,"Tr Central Interior and Appalachian Floodplain Systems","Tree","Riparian",666,"Eastern Floodplain Forests","SAF 61: River Birch-Sycamore","Tree-dominated","Open tree canopy","Mixed evergreen-deciduous open tree canopy",0,92,0,0,0.360784,0,40835,0
"177",559,9064,1059,"Central Interior Acidic Cliff and Talus",9064,2497,"Sps Central Interior and Appalachian Sparsely Vegetated Systems","Sparse","Sparsely Vegetated",700,"Sparse Vegetation","LF 33: Sparsely Vegetated","No Dominant Lifeform","Sparsely vegetated","Sparsely vegetated",100,100,100,0.392157,0.392157,0.392157,236,0
"178",560,9065,321,"Central Interior Calcareous Cliff and Talus",9065,2497,"Sps Central Interior and Appalachian Sparsely Vegetated Systems","Sparse","Sparsely Vegetated",700,"Sparse Vegetation","LF 33: Sparsely Vegetated","No Dominant Lifeform","Sparsely vegetated","Sparsely vegetated",100,100,100,0.392157,0.392157,0.392157,71,0
"179",561,9066,750,"Central Interior Highlands and Appalachian Sinkhole and Depression Pond",9066,2479,"Tr Central Interior and Appalachian Swamp Systems","Tree","Riparian",694,"Atlantic Swamp Forests","SAF 61: River Birch-Sycamore","Tree-dominated","Open tree canopy","Mixed evergreen-deciduous open tree canopy",0,92,0,0,0.360784,0,167,0
"180",565,9073,62,"Cumberland Acidic Cliff and Rockhouse",9073,2497,"Sps Central Interior and Appalachian Sparsely Vegetated Systems","Sparse","Sparsely Vegetated",700,"Sparse Vegetation","LF 33: Sparsely Vegetated","No Dominant Lifeform","Sparsely vegetated","Sparsely vegetated",100,100,100,0.392157,0.392157,0.392157,14,0
"181",580,9099,321,"Great Lakes Acidic Rocky Shore and Cliff",9099,2499,"Sps Laurentian-Acadian Sparsely Vegetated Systems","Sparse","Sparsely Vegetated",700,"Sparse Vegetation","LF 33: Sparsely Vegetated","No Dominant Lifeform","Sparsely vegetated","Sparsely vegetated",100,100,100,0.392157,0.392157,0.392157,71,0
"182",581,9100,1188,"Great Lakes Alkaline Rocky Shore and Cliff",9100,2499,"Sps Laurentian-Acadian Sparsely Vegetated Systems","Sparse","Sparsely Vegetated",700,"Sparse Vegetation","LF 33: Sparsely Vegetated","No Dominant Lifeform","Sparsely vegetated","Sparsely vegetated",100,100,100,0.392157,0.392157,0.392157,264,0
"183",582,9101,69939,"Great Lakes Dune",9101,2499,"Sps Laurentian-Acadian Sparsely Vegetated Systems","Sparse","Sparsely Vegetated",700,"Sparse Vegetation","LF 33: Sparsely Vegetated","No Dominant Lifeform","Sparsely vegetated","Sparsely vegetated",100,100,100,0.392157,0.392157,0.392157,15554,0
"184",583,9102,20301,"Great Lakes Freshwater Estuary and Delta",9102,2492,"He Great Lakes Coastal Marsh Systems","Herb","Riparian",675,"Inland Marshes and Prairies","LF 44: Laurentian-Acadian Herbaceous Wetland","Herbaceous / Nonvascular-dominated","Herbaceous - grassland","Perennial graminoid grassland",255,92,38,1,0.360784,0.14902,4515,0
"185",587,9106,820,"High Allegheny Wetland",9106,2479,"Tr Central Interior and Appalachian Swamp Systems","Tree","Riparian",694,"Atlantic Swamp Forests","SAF 61: River Birch-Sycamore","Tree-dominated","Open tree canopy","Mixed evergreen-deciduous open tree canopy",0,92,0,0,0.360784,0,182,0
"186",589,9111,15464,"Laurentian Acidic Rocky Outcrop Woodland",9111,2559,"Tr Laurentian Acidic Rocky Outcrop","Tree","Conifer",676,"Jack Pine Forest","SAF 15: Red Pine","Tree-dominated","Sparse tree canopy","Evergreen sparse tree canopy",174,245,224,0.682353,0.960784,0.878431,3439,0
"187",591,9113,534,"Laurentian-Acadian Acidic Cliff and Talus",9113,2499,"Sps Laurentian-Acadian Sparsely Vegetated Systems","Sparse","Sparsely Vegetated",700,"Sparse Vegetation","LF 33: Sparsely Vegetated","No Dominant Lifeform","Sparsely vegetated","Sparsely vegetated",100,100,100,0.392157,0.392157,0.392157,119,0
"188",593,9115,43,"Laurentian-Acadian Calcareous Cliff and Talus",9115,2499,"Sps Laurentian-Acadian Sparsely Vegetated Systems","Sparse","Sparsely Vegetated",700,"Sparse Vegetation","LF 33: Sparsely Vegetated","No Dominant Lifeform","Sparsely vegetated","Sparsely vegetated",100,100,100,0.392157,0.392157,0.392157,10,0
"189",594,9116,38550,"Laurentian-Acadian Calcareous Rocky Outcrop Woodland",9116,2543,"Tr Laurentian-Acadian Calcareous Rocky Outcrop","Tree","Conifer-Hardwood",670,"Glades and Barrens","SAF 37: Northern White-Cedar","Tree-dominated","Open tree canopy","Mixed evergreen-deciduous open tree canopy",216,216,191,0.847059,0.847059,0.74902,8573,0
"190",597,9119,973,"Laurentian-Acadian Lakeshore Beach",9119,2499,"Sps Laurentian-Acadian Sparsely Vegetated Systems","Sparse","Sparsely Vegetated",700,"Sparse Vegetation","LF 33: Sparsely Vegetated","No Dominant Lifeform","Sparsely vegetated","Sparsely vegetated",100,100,100,0.392157,0.392157,0.392157,216,0
"191",600,9122,411,"Louisiana Beach",9122,2498,"Sps Gulf and Atlantic Coastal Plain Sparsely Vegetated Systems","Sparse","Sparsely Vegetated",700,"Sparse Vegetation","LF 33: Sparsely Vegetated","No Dominant Lifeform","Sparsely vegetated","Sparsely vegetated",100,100,100,0.392157,0.392157,0.392157,91,0
"192",608,9138,19337,"Mississippi River Bottomland Depression",9138,2480,"Tr Gulf and Atlantic Coastal Plain Swamp Systems","Tree","Riparian",694,"Atlantic Swamp Forests","LF 46: Atlantic Coastal Plain Swamp","Tree-dominated","Open tree canopy","Mixed evergreen-deciduous open tree canopy",216,216,191,0.847059,0.847059,0.74902,4300,0
"193",609,9139,2409,"Mississippi River High Floodplain (Bottomland) Forest",9139,2473,"Tr Gulf and Atlantic Coastal Plain Floodplain Systems","Tree","Riparian",666,"Eastern Floodplain Forests","SAF 91: Swamp Chestnut Oak-Cherrybark Oak","Tree-dominated","Open tree canopy","Mixed evergreen-deciduous open tree canopy",100,204,206,0.392157,0.8,0.807843,536,0
"194",610,9140,5869,"Mississippi River Low Floodplain (Bottomland) Forest",9140,2473,"Tr Gulf and Atlantic Coastal Plain Floodplain Systems","Tree","Riparian",666,"Eastern Floodplain Forests","SAF 96: Overcup Oak-Water Hickory","Tree-dominated","Open tree canopy","Mixed evergreen-deciduous open tree canopy",120,200,120,0.470588,0.784314,0.470588,1305,0
"195",611,9141,12892,"Mississippi River Riparian Forest",9141,2473,"Tr Gulf and Atlantic Coastal Plain Floodplain Systems","Tree","Riparian",666,"Eastern Floodplain Forests","SAF 94: Sycamore-Sweet Gum-American Elm","Tree-dominated","Open tree canopy","Mixed evergreen-deciduous open tree canopy",25,160,180,0.098039,0.627451,0.705882,2867,0
"196",629,9173,655,"North-Central Appalachian Acidic Cliff and Talus",9173,2497,"Sps Central Interior and Appalachian Sparsely Vegetated Systems","Sparse","Sparsely Vegetated",700,"Sparse Vegetation","LF 33: Sparsely Vegetated","No Dominant Lifeform","Sparsely vegetated","Sparsely vegetated",100,100,100,0.392157,0.392157,0.392157,146,0
"197",631,9175,27,"North-Central Appalachian Circumneutral Cliff and Talus",9175,2497,"Sps Central Interior and Appalachian Sparsely Vegetated Systems","Sparse","Sparsely Vegetated",700,"Sparse Vegetation","LF 33: Sparsely Vegetated","No Dominant Lifeform","Sparsely vegetated","Sparsely vegetated",100,100,100,0.392157,0.392157,0.392157,6,0
"198",632,9176,81371,"North-Central Appalachian Seepage Fen",9176,2493,"Sh Central Interior and Appalachian Shrub-Herbaceous Wetland Systems","Herb","Riparian",675,"Inland Marshes and Prairies","LF 45: Central Interior and Appalachian Herbaceous Wetland","Herbaceous / Nonvascular-dominated","Herbaceous - grassland","Perennial graminoid grassland",91,195,199,0.356863,0.764706,0.780392,18096,0
"199",637,9181,68,"North-Central Interior Quartzite Glade",9181,2560,"Tr North-Central Interior Quartzite Glade","Tree","Conifer-Hardwood",670,"Glades and Barrens","SAF 52: White Oak-Black Oak-Northern Red Oak","Tree-dominated","Open tree canopy","Mixed evergreen-deciduous open tree canopy",85,187,194,0.333333,0.733333,0.760784,15,0
"200",638,9182,177434,"North-Central Interior Shrub Alkaline Fen",9182,2493,"Sh Central Interior and Appalachian Shrub-Herbaceous Wetland Systems","Shrub","Riparian",675,"Inland Marshes and Prairies","LF 45: Central Interior and Appalachian Herbaceous Wetland","Shrub-dominated","Shrubland","Mixed evergreen-deciduous shrubland",91,195,199,0.356863,0.764706,0.780392,39460,0
"201",640,9184,98,"Northeastern Erosional Bluff",9184,2499,"Sps Laurentian-Acadian Sparsely Vegetated Systems","Sparse","Sparsely Vegetated",700,"Sparse Vegetation","LF 33: Sparsely Vegetated","No Dominant Lifeform","Sparsely vegetated","Sparsely vegetated",100,100,100,0.392157,0.392157,0.392157,22,0
"202",642,9186,14207,"Northern Appalachian-Acadian Rocky Heath Outcrop Woodland",9186,2558,"Tr Northern Appalachian-Acadian Rocky Heath Outcrop","Tree","Conifer",651,"Alpine-Subalpine Barrens","LF 55: Appalachian Grass and Shrub Balds","Tree-dominated","Open tree canopy","Evergreen open tree canopy",82,52,34,0.321569,0.203922,0.133333,3160,0
"203",643,9187,30985,"Northern Atlantic Coastal Plain Basin Peat Swamp",9187,2480,"Tr Gulf and Atlantic Coastal Plain Swamp Systems","Tree","Riparian",694,"Atlantic Swamp Forests","SAF 97: Atlantic White Cedar","Tree-dominated","Open tree canopy","Mixed evergreen-deciduous open tree canopy",216,216,191,0.847059,0.847059,0.74902,6891,0
"204",644,9188,12028,"Northern Atlantic Coastal Plain Basin Swamp and Wet Hardwood Forest",9188,2480,"Tr Gulf and Atlantic Coastal Plain Swamp Systems","Tree","Riparian",694,"Atlantic Swamp Forests","LF 46: Atlantic Coastal Plain Swamp","Tree-dominated","Open tree canopy","Mixed evergreen-deciduous open tree canopy",216,216,191,0.847059,0.847059,0.74902,2675,0
"205",645,9189,6574,"Northern Atlantic Coastal Plain Brackish Tidal Marsh",9189,2490,"Sh Gulf and Atlantic Coastal Plain Tidal Marsh Systems","Herb","Riparian",653,"Atlantic Coastal Marsh","LF 50: Tidal Flats and Marshes","Herbaceous / Nonvascular-dominated","Herbaceous - grassland","Perennial graminoid grassland",255,153,0,1,0.6,0,1462,0
"206",647,9191,13774,"Northern Atlantic Coastal Plain Fresh and Oligohaline Tidal Marsh",9191,2490,"Sh Gulf and Atlantic Coastal Plain Tidal Marsh Systems","Herb","Riparian",653,"Atlantic Coastal Marsh","LF 50: Tidal Flats and Marshes","Herbaceous / Nonvascular-dominated","Herbaceous - grassland","Perennial graminoid grassland",255,153,0,1,0.6,0,3063,0
"207",648,9192,9777,"Northern Atlantic Coastal Plain Pond",9192,2474,"Tr Gulf and Atlantic Coastal Plain Small Stream Riparian Systems","Herb","Riparian",668,"Eastern Small Stream Riparian Forests","SAF 92: Sweetgum-Willow Oak","Herbaceous / Nonvascular-dominated","Herbaceous - grassland","Perennial graminoid",145,255,115,0.568627,1,0.45098,2174,0
"208",649,9193,31413,"Northern Atlantic Coastal Plain Sandy Beach",9193,2498,"Sps Gulf and Atlantic Coastal Plain Sparsely Vegetated Systems","Sparse","Sparsely Vegetated",700,"Sparse Vegetation","LF 33: Sparsely Vegetated","No Dominant Lifeform","Sparsely vegetated","Sparsely vegetated",100,100,100,0.392157,0.392157,0.392157,6986,0
"209",650,9195,8270,"Northern Atlantic Coastal Plain Riparian and Floodplain Forest",9195,2474,"Tr Gulf and Atlantic Coastal Plain Small Stream Riparian Systems","Tree","Riparian",668,"Eastern Small Stream Riparian Forests","SAF 61: River Birch-Sycamore","Tree-dominated","Open tree canopy","Mixed evergreen-deciduous open tree canopy",0,92,0,0,0.360784,0,1839,0
"210",651,9197,95673,"Northern Atlantic Coastal Plain Tidal Salt Marsh",9197,2490,"Sh Gulf and Atlantic Coastal Plain Tidal Marsh Systems","Herb","Riparian",653,"Atlantic Coastal Marsh","LF 50: Tidal Flats and Marshes","Herbaceous / Nonvascular-dominated","Herbaceous - grassland","Perennial graminoid grassland",255,153,0,1,0.6,0,21277,0
"211",652,9198,2070,"Northern Atlantic Coastal Plain Tidal Swamp",9198,2480,"Tr Gulf and Atlantic Coastal Plain Swamp Systems","Tree","Riparian",694,"Atlantic Swamp Forests","LF 46: Atlantic Coastal Plain Swamp","Tree-dominated","Open tree canopy","Mixed evergreen-deciduous open tree canopy",216,216,191,0.847059,0.847059,0.74902,460,0
"212",653,9202,167173,"Northern Great Lakes Coastal Marsh",9202,2492,"He Great Lakes Coastal Marsh Systems","Herb","Riparian",675,"Inland Marshes and Prairies","LF 44: Laurentian-Acadian Herbaceous Wetland","Herbaceous / Nonvascular-dominated","Herbaceous - grassland","Perennial graminoid grassland",255,92,38,1,0.360784,0.14902,37178,0
"213",654,9203,29526,"Northern Great Lakes Interdunal Wetland",9203,2492,"He Great Lakes Coastal Marsh Systems","Herb","Riparian",675,"Inland Marshes and Prairies","LF 44: Laurentian-Acadian Herbaceous Wetland","Herbaceous / Nonvascular-dominated","Herbaceous - grassland","Perennial graminoid grassland",255,92,38,1,0.360784,0.14902,6566,0
"214",655,9207,35,"Ozark-Ouachita Riparian Forest",9207,2472,"Tr Central Interior and Appalachian Riparian Systems","Tree","Riparian",668,"Eastern Small Stream Riparian Forests","SAF 61: River Birch-Sycamore","Tree-dominated","Open tree canopy","Mixed evergreen-deciduous open tree canopy",0,92,0,0,0.360784,0,8,0
"215",674,9232,325,"Southern and Central Appalachian Bog and Fen",9232,2479,"Tr Central Interior and Appalachian Swamp Systems","Tree","Riparian",694,"Atlantic Swamp Forests","SAF 61: River Birch-Sycamore","Tree-dominated","Open tree canopy","Mixed evergreen-deciduous open tree canopy",0,92,0,0,0.360784,0,72,0
"216",709,9288,523357,"Northeastern Interior Calcareous Oak Forest",9288,2359,"Tr Northeastern Interior Calcareous Oak Forest","Tree","Hardwood",660,"White Oak-Red Oak-Hickory Forest and Woodland","SAF 52: White Oak-Black Oak-Northern Red Oak","Tree-dominated","Closed tree canopy","Deciduous closed tree canopy",85,187,194,0.333333,0.733333,0.760784,116392,0
"217",712,9295,232864,"Laurentian-Acadian Sub-boreal Dry-Mesic Pine-Black Spruce-Hardwood Forest",9088,2544,"Tr Boreal Jack Pine-Black Spruce-Hardwood Forest","Tree","Conifer-Hardwood",676,"Jack Pine Forest","SAF 1: Jack Pine","Tree-dominated","Closed tree canopy","Mixed evergreen-deciduous closed tree canopy",174,245,224,0.682353,0.960784,0.878431,51788,0
"218",727,9320,3929,"Southeastern Native Ruderal Flooded & Swamp Forest",9320,2572,"Tr Southeastern Native Ruderal Flooded & Swamp Forest","Tree","Riparian",708,"Introduced Woody Wetland Vegetation","LF 58: Introduced Woody Wetlands and Riparian Vegetation","Tree-dominated","Open tree canopy","Mixed evergreen-deciduous open tree canopy",0,132,168,0,0.517647,0.658824,874,0
"219",728,9321,9698,"Southeastern Native Ruderal Forest",9321,2573,"Tr Southeastern Native Ruderal Forest","Tree","Conifer-Hardwood",707,"Introduced Upland Vegetation-Treed","LF 51: Introduced Upland Vegetation - Tree","Tree-dominated","Open tree canopy","Mixed evergreen-deciduous open tree canopy",255,105,46,1,0.411765,0.180392,2157,0
"220",729,9322,3761,"Southeastern North American Temperate Forest Plantation",9322,2574,"Tr Southeastern North American Temperate Forest Plantation","Tree","Conifer",731,"Managed Tree Plantation","LF 61: Managed Tree Plantation","Tree-dominated","Closed tree canopy","Evergreen closed tree canopy",158,67,14,0.619608,0.262745,0.054902,836,0
"221",730,9323,160,"Southeastern Ruderal Shrubland",9323,2575,"Sh Southeastern Ruderal Grassland & Shrubland","Shrub","Exotic Tree-Shrub",706,"Introduced Upland Vegetation-Shrub","LF 52: Introduced Upland Vegetation - Shrub","Shrub-dominated","Shrubland","Mixed evergreen-deciduous shrubland",255,105,46,1,0.411765,0.180392,36,0
"222",731,9324,4471,"Southeastern Ruderal Wet Meadow & Marsh",9324,2576,"He Southeastern Ruderal Wet Meadow & Marsh","Herb","Riparian",709,"Introduced Herbaceous Wetland Vegetation","LF 59: Introduced Herbaceous Wetland and Riparian Vegetation","Herbaceous / Nonvascular-dominated","Herbaceous - grassland","Perennial graminoid grassland",255,105,46,1,0.411765,0.180392,994,0
"223",737,9332,2,"Southeastern Exotic Ruderal Flooded & Swamp Forest",9332,2570,"Tr Southeastern Exotic Ruderal Flooded & Swamp Forest","Tree","Riparian",708,"Introduced Woody Wetland Vegetation","LF 58: Introduced Woody Wetlands and Riparian Vegetation","Tree-dominated","Open tree canopy","Mixed evergreen-deciduous open tree canopy",0,132,168,0,0.517647,0.658824,0,0
"224",759,9559,1533,"Central Appalachian River Floodplain Shrubland",9059,2471,"Tr Central Interior and Appalachian Floodplain Systems","Shrub","Riparian",666,"Eastern Floodplain Forests","SAF 61: River Birch-Sycamore","Shrub-dominated","Shrubland","Mixed evergreen-deciduous shrubland",0,92,0,0,0.360784,0,341,0
"225",760,9560,54514,"Central Appalachian Stream and Riparian Shrubland",9060,2472,"Tr Central Interior and Appalachian Riparian Systems","Shrub","Riparian",668,"Eastern Small Stream Riparian Forests","SAF 61: River Birch-Sycamore","Shrub-dominated","Shrubland","Mixed evergreen-deciduous shrubland",0,92,0,0,0.360784,0,12124,0
"226",761,9561,633,"Central Appalachian River Floodplain Herbaceous",9059,2471,"Tr Central Interior and Appalachian Floodplain Systems","Herb","Riparian",666,"Eastern Floodplain Forests","SAF 61: River Birch-Sycamore","Herbaceous / Nonvascular-dominated","Herbaceous - grassland","Perennial graminoid",0,92,0,0,0.360784,0,141,0
"227",762,9562,17052,"Central Appalachian Stream and Riparian Herbaceous",9060,2472,"Tr Central Interior and Appalachian Riparian Systems","Herb","Riparian",668,"Eastern Small Stream Riparian Forests","SAF 61: River Birch-Sycamore","Herbaceous / Nonvascular-dominated","Herbaceous - grassland","Perennial graminoid",0,92,0,0,0.360784,0,3792,0
"228",773,9601,20726,"Great Lakes Dune Grassland",9101,2251,"He Great Lakes Dune Grassland","Herb","Grassland",654,"Atlantic Dunes and Grasslands","LF 57: Dunes and Maritime Grasslands","Herbaceous / Nonvascular-dominated","Herbaceous - grassland","Perennial graminoid grassland",255,98,41,1,0.384314,0.160784,4609,0
"229",776,9611,1456,"Laurentian Acidic Rocky Outcrop Shrubland",9111,2559,"Tr Laurentian Acidic Rocky Outcrop","Shrub","Shrubland",676,"Jack Pine Forest","SAF 15: Red Pine","Shrub-dominated","Shrubland","Evergreen shrubland",174,245,224,0.682353,0.960784,0.878431,324,0
"230",777,9616,1505,"Laurentian-Acadian Calcareous Rocky Outcrop Shrubland",9116,2543,"Tr Laurentian-Acadian Calcareous Rocky Outcrop","Shrub","Shrubland",670,"Glades and Barrens","SAF 37: Northern White-Cedar","Shrub-dominated","Shrubland","Mixed evergreen-deciduous shrubland",216,216,191,0.847059,0.847059,0.74902,335,0
"231",778,9617,190549,"Laurentian-Acadian Floodplain Shrubland",9117,2475,"Tr Laurentian-Acadian Floodplain Systems","Shrub","Riparian",666,"Eastern Floodplain Forests","SAF 39: Black Ash-American Elm-Red Maple","Shrub-dominated","Shrubland","Mixed evergreen-deciduous shrubland",50,137,168,0.196078,0.537255,0.658824,42377,0
"232",782,9639,12,"Mississippi River High Floodplain (Bottomland) Shrubland",9139,2473,"Tr Gulf and Atlantic Coastal Plain Floodplain Systems","Shrub","Riparian",666,"Eastern Floodplain Forests","SAF 91: Swamp Chestnut Oak-Cherrybark Oak","Shrub-dominated","Shrubland","Mixed evergreen-deciduous shrubland",100,204,206,0.392157,0.8,0.807843,3,0
"233",784,9641,6304,"Mississippi River High Floodplain (Bottomland) Herbaceous",9139,2473,"Tr Gulf and Atlantic Coastal Plain Floodplain Systems","Herb","Riparian",666,"Eastern Floodplain Forests","SAF 91: Swamp Chestnut Oak-Cherrybark Oak","Herbaceous / Nonvascular-dominated","Herbaceous - grassland","Perennial graminoid",100,204,206,0.392157,0.8,0.807843,1402,0
"234",785,9642,991,"Mississippi River Low Floodplain (Bottomland) Herbaceous",9140,2473,"Tr Gulf and Atlantic Coastal Plain Floodplain Systems","Herb","Riparian",666,"Eastern Floodplain Forests","SAF 96: Overcup Oak-Water Hickory","Herbaceous / Nonvascular-dominated","Herbaceous - grassland","Perennial graminoid",120,200,120,0.470588,0.784314,0.470588,220,0
"235",789,9677,200966,"North-Central Interior and Appalachian Acidic Peatland Shrubland",9177,2479,"Tr Central Interior and Appalachian Swamp Systems","Shrub","Riparian",694,"Atlantic Swamp Forests","SAF 61: River Birch-Sycamore","Shrub-dominated","Shrubland","Mixed evergreen-deciduous shrubland",0,92,0,0,0.360784,0,44694,0
"236",790,9679,93829,"North-Central Interior Floodplain Shrubland",9179,2471,"Tr Central Interior and Appalachian Floodplain Systems","Shrub","Riparian",666,"Eastern Floodplain Forests","SAF 61: River Birch-Sycamore","Shrub-dominated","Shrubland","Mixed evergreen-deciduous shrubland",0,92,0,0,0.360784,0,20867,0
"237",791,9682,88491,"North-Central Interior Graminoid Alkaline Fen",9182,2493,"Sh Central Interior and Appalachian Shrub-Herbaceous Wetland Systems","Herb","Riparian",675,"Inland Marshes and Prairies","LF 45: Central Interior and Appalachian Herbaceous Wetland","Herbaceous / Nonvascular-dominated","Herbaceous - grassland","Perennial graminoid",91,195,199,0.356863,0.764706,0.780392,19680,0
"238",793,9686,8334,"Northern Appalachian-Acadian Rocky Heath Outcrop Shrubland",9186,2558,"Tr Northern Appalachian-Acadian Rocky Heath Outcrop","Shrub","Shrubland",651,"Alpine-Subalpine Barrens","LF 55: Appalachian Grass and Shrub Balds","Shrub-dominated","Shrubland","Mixed evergreen-deciduous shrubland",82,52,34,0.321569,0.203922,0.133333,1853,0
"239",794,9695,471,"Northern Atlantic Coastal Plain Riparian and Floodplain Shrubland",9195,2474,"Tr Gulf and Atlantic Coastal Plain Small Stream Riparian Systems","Shrub","Riparian",668,"Eastern Small Stream Riparian Forests","SAF 61: River Birch-Sycamore","Shrub-dominated","Shrubland","Mixed evergreen-deciduous shrubland",0,92,0,0,0.360784,0,105,0
"240",795,9696,713,"Northern Atlantic Coastal Plain Riparian and Floodplain Herbaceous",9195,2474,"Tr Gulf and Atlantic Coastal Plain Small Stream Riparian Systems","Herb","Riparian",668,"Eastern Small Stream Riparian Forests","SAF 61: River Birch-Sycamore","Herbaceous / Nonvascular-dominated","Herbaceous - grassland","Perennial graminoid",0,92,0,0,0.360784,0,159,0
"241",799,9723,1831,"South-Central Interior Large Floodplain Shrubland",9223,2471,"Tr Central Interior and Appalachian Floodplain Systems","Shrub","Riparian",666,"Eastern Floodplain Forests","SAF 61: River Birch-Sycamore","Shrub-dominated","Shrubland","Mixed evergreen-deciduous shrubland",0,92,0,0,0.360784,0,407,0
"242",800,9724,2362,"South-Central Interior Small Stream and Riparian Shrubland",9224,2472,"Tr Central Interior and Appalachian Riparian Systems","Shrub","Riparian",668,"Eastern Small Stream Riparian Forests","SAF 61: River Birch-Sycamore","Shrub-dominated","Shrubland","Mixed evergreen-deciduous shrubland",0,92,0,0,0.360784,0,525,0
"243",801,9725,142881,"South-Central Interior Large Floodplain Herbaceous",9223,2471,"Tr Central Interior and Appalachian Floodplain Systems","Herb","Riparian",666,"Eastern Floodplain Forests","SAF 61: River Birch-Sycamore","Herbaceous / Nonvascular-dominated","Herbaceous - grassland","Perennial graminoid",0,92,0,0,0.360784,0,31776,0
"244",802,9726,68284,"South-Central Interior Small Stream and Riparian Herbaceous",9224,2472,"Tr Central Interior and Appalachian Riparian Systems","Herb","Riparian",668,"Eastern Small Stream Riparian Forests","SAF 61: River Birch-Sycamore","Herbaceous / Nonvascular-dominated","Herbaceous - grassland","Perennial graminoid",0,92,0,0,0.360784,0,15186,0
"245",822,9816,9177,"Northern & Central Plains Ruderal & Planted Grassland",9316,2567,"Sh Northern & Central Plains Ruderal & Planted Grassland & Shrubland","Herb","Exotic Herbaceous",703,"Introduced Perennial Grassland and Forbland","LF 54: Introduced Upland Vegetation - Herbaceous","Herbaceous / Nonvascular-dominated","Herbaceous - grassland","Perennial graminoid grassland",255,105,46,1,0.411765,0.180392,2041,0
"246",824,9823,18246,"Southeastern Ruderal Grassland",9323,2575,"Sh Southeastern Ruderal Grassland & Shrubland","Herb","Exotic Herbaceous",703,"Introduced Perennial Grassland and Forbland","LF 54: Introduced Upland Vegetation - Herbaceous","Herbaceous / Nonvascular-dominated","Herbaceous - grassland","Perennial graminoid grassland",255,105,46,1,0.411765,0.180392,4058,0
